"order_id","order_key"
"00010242fe8c5a6d1ba2dd792cb16214",1
"00018f77f2f0320c557190d7a144bdd3",2
"000229ec398224ef6ca0657da4fc703e",3
"00024acbcdf0a6daa1e931b038114c75",4
"00042b26cf59d7ce69dfabb4e55b4fd9",5
"00048cc3ae777c65dbb7d2a0634bc1ea",6
"00054e8431b9d7675808bcb819fb4a32",7
"000576fe39319847cbb9d288c5617fa6",8
"0005a1a1728c9d785b8e2b08b904576c",9
"0005f50442cb953dcd1d21e1fb923495",10
"00061f2a7bc09da83e415a52dc8a4af1",11
"00063b381e2406b52ad429470734ebd5",12
"0006ec9db01a64e59a68b2c340bf65a7",13
"0008288aa423d2a3f00fcb17cd7d8719",14
"0009792311464db532ff765bf7b182ae",15
"0009c9a17f916a706d71784483a5d643",16
"000aed2e25dbad2f9ddb70584c5a2ded",17
"000c3e6612759851cc3cbb4b83257986",18
"000e562887b1f2006d75e0be9558292e",19
"000e63d38ae8c00bbcb5a30573b99628",20
"000e906b789b55f64edcb1f84030f90d",21
"000f25f4d72195062c040b12dce9a18a",22
"001021efaa8636c29475e7734483457d",23
"0010b2e5201cc5f1ae7e9c6cc8f5bd00",24
"0010dedd556712d7bb69a19cb7bbd37a",25
