Thread_ID,Thread_URL,Date,Sender,Message,Reply,Status
2-SYNTHETIC0000000000000000000000000001==,https://example.invalid/messaging/thread/2-SYNTHETIC0001,2026-08-25 10:02 AM,Dana Whitfield,"Open to a new opportunity in analytics? ¶ Hi there, ¶ I'm recruiting for a Senior BI Developer role with a healthcare client. Fully remote, Power BI and Fabric stack. Would you be open to a quick call this week? ¶ Best, Dana","Hi Dana, ¶ Thanks for reaching out — the stack lines up well with what I'm doing. Could you share the posted range and whether the semantic-model ownership sits with this role? ¶ Carl",Replied
2-SYNTHETIC0000000000000000000000000002==,https://example.invalid/messaging/thread/2-SYNTHETIC0002,2026-08-25 11:44 AM,Marcus Oyelaran,"Hi Carl, thanks for connecting. I have a Data Architect opening that I think fits your background — contract to hire, 12 months. Let me know if you'd like the JD.","Hi Marcus, ¶ Appreciate the note. I'm focused on permanent roles at the moment, so a 12-month contract-to-hire isn't the right fit — but happy to stay in touch if something permanent opens up.",Replied
2-SYNTHETIC0000000000000000000000000003==,https://example.invalid/messaging/thread/2-SYNTHETIC0003,2026-08-24 3:25 PM,Priya Raghunathan,"Hi Carl - I'll call you shortly to discuss an Analytics Engineering role. View the JD at the link.","Hi Priya, ¶ Thanks for reaching out — this one looks like a genuine fit. Before a call, could you confirm the comp band and whether the role is remote-first or hybrid?",Replied
2-SYNTHETIC0000000000000000000000000004==,https://example.invalid/messaging/thread/2-SYNTHETIC0004,2026-08-22 9:38 AM,Ellen Kastner,"Exciting opportunity in business intelligence ¶ Hi Carl, ¶ I came across your background and wanted to share a Director of Analytics search we're running.","Hi Ellen, ¶ Thanks — this reads more people-management than hands-on than I'm targeting. If the scope includes direct modeling ownership I'd be glad to hear more.",Replied
2-SYNTHETIC0000000000000000000000000005==,https://example.invalid/messaging/thread/2-SYNTHETIC0005,2026-08-21 12:49 PM,Tobias Lindqvist,"Exploring a new opportunity: Finance Analytics Lead ¶ Hi Carl, ¶ I hope this message finds you well. We're partnering with a fintech on a finance-analytics build-out.","Hi Tobias, ¶ Thanks for reaching out. Could you share which BI platform they've standardized on? That's the main thing that determines fit for me.",Replied
2-SYNTHETIC0000000000000000000000000006==,https://example.invalid/messaging/thread/2-SYNTHETIC0006,2026-08-20 1:19 PM,Grace Amodu,"Hi Carl, attached is the JD, kindly share your resume to discuss further. Thank you.","Hi Grace, ¶ Thanks for sending the JD over. Before I send anything across — is the posted range firm, and is this a direct-hire or an agency placement?",Replied
2-SYNTHETIC0000000000000000000000000007==,https://example.invalid/messaging/thread/2-SYNTHETIC0007,2026-08-19 11:29 AM,Ruth Sandoval,"Hi Carl, I am open to asking the client. Worst they can say is no.","Hi Ruth, ¶ Appreciate that. If they can confirm the range is at or above the target, I'm glad to take the conversation forward.",Replied
2-SYNTHETIC0000000000000000000000000008==,https://example.invalid/messaging/thread/2-SYNTHETIC0008,2026-08-18 4:07 PM,Nikhil Bhattacharya,"Hey Carl, it's still open. Are you available for a quick call to go over the details?","Hi Nikhil, ¶ Yes, let's do a quick call — happy to go over it. Mornings this week work best.",Replied
2-SYNTHETIC0000000000000000000000000009==,https://example.invalid/messaging/thread/2-SYNTHETIC0009,2026-08-17 8:15 AM,Bethany Cross,"Hey Carl, ¶ Thanks for checking out the quick details and getting back to me. Currently the client is moving fast on this one.","Hi Bethany, ¶ Thanks for the detail — appreciate you laying it out clearly. One question before we go further: is the reporting layer greenfield or a migration?",Replied
2-SYNTHETIC0000000000000000000000000010==,https://example.invalid/messaging/thread/2-SYNTHETIC0010,2026-08-15 2:52 PM,Owen Fitzsimmons,"Hi Carl - quick note about a Fabric Data Engineer position in the Nashville area. Hybrid, two days onsite.",,Received
2-SYNTHETIC0000000000000000000000000011==,https://example.invalid/messaging/thread/2-SYNTHETIC0011,2026-08-14 10:11 AM,Amara Nwosu,"Following up on my previous message about the BI Engineering Lead role. Still interested in connecting?",,Received
2-SYNTHETIC0000000000000000000000000012==,https://example.invalid/messaging/thread/2-SYNTHETIC0012,2026-08-13 5:30 PM,Victor Halloran,"Hi Carl, we're hiring a Reporting & Insights Manager. Would the posted band work for you?",,Received
2-SYNTHETIC0000000000000000000000000013==,https://example.invalid/messaging/thread/2-SYNTHETIC0013,2026-08-12 9:04 AM,Simone Delacroix,"Hi Carl — saw your Fabric work. We have a semantic-model ownership role opening next month, wanted to flag it early.","Hi Simone, ¶ Thanks for flagging it early — that's exactly the shape I'm looking for. Please do send the JD when it's live.",Replied
2-SYNTHETIC0000000000000000000000000014==,https://example.invalid/messaging/thread/2-SYNTHETIC0014,2026-08-11 3:47 PM,Jonah Pemberton,"Quick question Carl - are you open to contract work at all? Have a 6-month Power BI engagement.",,Received
2-SYNTHETIC0000000000000000000000000015==,https://example.invalid/messaging/thread/2-SYNTHETIC0015,2026-08-10 11:58 AM,Clara Beaumont,"Hi Carl, ¶ Reaching out about a Data Architect role — remote, product company, Fabric-first stack. ¶ Interested?","Hi Clara, ¶ Yes, interested. Remote and product-side is the right lane. What's the posted range?",Replied
